Customer Name,Segment
Ruby Patel,Home Office
Summer Hayward,Consumer
Devin Huddleston,Consumer
Mary Parker,Corporate
Daniel Burke,Home Office
Fredrick Beveridge,Corporate
Archer Hort,Consumer
Evie Flockhart,Consumer
Faith Greenwood,Consumer
Gracie Powell,Consumer
Hershel Snyder,Corporate
Julia Martell,Home Office
Viola Watson,Consumer
Julian Dobie,Consumer
Rose Heap,Consumer
Ella Troy,Home Office
Everett Dunbar,Corporate
Georgia Bermingham,Home Office
Christopher Goold,Corporate
John Baca,Consumer
Kai Leonard,Corporate
Jennifer Mattingly,Home Office
Nathan Iqbal,Consumer
Noah Chamberlain,Consumer
Dylan Disney,Home Office
Melissa Bean,Home Office
Vaughn Gibbs,Home Office
William Horton,Consumer
David Harney,Corporate
Walter Coley,Consumer
Lori Miller,Consumer
Hayley Baldwinson,Consumer
Joseph Locke,Corporate
Gracie Hicks,Consumer
Hollie Norris,Consumer
Kiara Allen,Consumer
Ronald Everson,Corporate
Daryl Claypool,Corporate
Caleb Kenyon,Corporate
Winnie Moss,Consumer
Courtney Hancock,Consumer
Brandon Preston,Consumer
Lara Stoate,Corporate
Max Ludwig,Home Office
Millie Newman,Consumer
Larry Klaus,Corporate
Shelby Dunston,Consumer
Erin Gill,Home Office
Piper Wilder-Neligan,Consumer
Patricia Lukes,Corporate
Lilian Macredie,Corporate
Jasmine Slater,Corporate
Charlotte Taylor,Consumer
Victoria Bell,Home Office
Kayleigh Farmer,Consumer
Tyson Ebden,Consumer
Sophie Franklin,Corporate
Maya O'Sullivan,Corporate
Julian Mack,Consumer
Tegan Savage,Consumer
Eva Hargraves,Consumer
Jonathan Summons,Consumer
Darcy Farnell,Consumer
Katherine Grant,Consumer
Jared Wurster,Consumer
Kayla Ronald,Corporate
Angus Reading,Corporate
Jodie Mellor,Consumer
Maya Summers,Home Office
Oscar Clayton,Consumer
Angus De Groot,Corporate
Carl Proctor,Consumer
Spencer Akhtar,Consumer
Lincoln Want,Consumer
Niamh Mann,Consumer
Nicole Nash,Consumer
Joshua Romero,Consumer
John Kemp,Home Office
Ryan Greenwood,Consumer
Naomi Hancock,Corporate
Thomas Stephens,Corporate
Ashton Charles,Consumer
Shannon Howe,Consumer
Joseph Ford,Corporate
Alexander Bennett,Corporate
Koby Phillip,Consumer
Thomas McCallum,Consumer
Donna Nash,Corporate
Wanda Wingert,Consumer
Scarlett Truchanas,Corporate
Jessica Paramor,Corporate
Charlie Brooks,Consumer
Sam Wood,Home Office
Gabriel Sanders,Consumer
Charles Builder,Consumer
Aaron Bootman,Consumer
Kayla Tearle,Corporate
Mary Wilson,Consumer
Paige Horsfall,Home Office
Lily Tyler,Home Office
Charlie Wells,Home Office
Edward Zwar,Consumer
Anthony Stewart,Home Office
Sharon Kerley,Consumer
Samuel Thomas,Consumer
Benjamin Humphries,Consumer
Morgan Anderson,Corporate
Luca Graham,Consumer
Chelsea Bannister,Consumer
Juanita Smalls,Home Office
Alexis Code,Corporate
Toby Conway,Consumer
Adam Bentley,Consumer
Harry Nelson,Consumer
Alexandra Macdonald,Corporate
Skye McCaffrey,Consumer
Michelle Barrett,Consumer
Evie Rees,Consumer
Kaitlyn Dorsch,Corporate
Logan Tilley,Consumer
Corey Norton,Consumer
Owen Howell,Home Office
Molly Palmer,Corporate
Nicholas Carey,Consumer
Eve Bates,Consumer
Gerald Galvan,Corporate
Benjamin Lee,Corporate
Donald Pak,Corporate
Koby Tompson,Consumer
Mackenzie Whitford,Consumer
Sofia de Castella,Consumer
Eve Spencer,Consumer
Amy Nixon,Consumer
Sebastian McClelland,Consumer
Luca Varley,Corporate
Tara Hines,Consumer
Jay Andrews,Consumer
Ava Giles,Corporate
Kristal McCaslin,Corporate
Mariam McMeckan,Corporate
William Somerville,Corporate
Louie Knight,Consumer
Jodie Garner,Consumer
Imogen Daly,Consumer
Mohammed Fox,Consumer
Melody Nelson,Corporate
Jacob Roemer,Corporate
Leslie Wilson,Consumer
Eileen Walker,Consumer
Sam French,Consumer
Ebony Sadlier,Corporate
Toby Clunie,Consumer
Edward Webber,Home Office
Philip Newsom,Corporate
Louis Scott,Corporate
Eva Arnold,Consumer
Lisa Watkins,Consumer
Richard Poole,Home Office
Ewan Hyde,Consumer
Patricia Smith,Corporate
Francesca Bowen,Consumer
Denise Harris,Consumer
Phoebe Moore,Corporate
Erick Tanner,Corporate
Maddison Newman,Corporate
Patrick Townson,Home Office
Jason Roger,Corporate
Robert James,Home Office
Edward Hodges,Consumer
Ralph Holmes,Consumer
Tina Phelps,Consumer
Rebecca Chamberlain,Home Office
Maddison Breen,Corporate
Ryan Price,Consumer
Milla Hollinworth,Corporate
Henry Chandler,Home Office
Bianca Monsoor,Consumer
Alana Zahel,Consumer
Lily Dallachy,Corporate
Louis Wilson,Consumer
Esther Henderson,Consumer
Elijah Sodeman,Consumer
Angus Ibsch,Consumer
Leon Thompson,Consumer
Lorri Stratton,Consumer
Rachel Tyler,Corporate
Molly Crawford,Corporate
Tyler Whitehead,Corporate
David Mortlock,Consumer
Bianca Whitford,Corporate
Minnie Cash,Corporate
Ada Dalton,Corporate
Molly De Mole,Corporate
Elise Ali,Home Office
Eva Butler,Corporate
Rory Gunson,Consumer
Maya Pamphlett,Consumer
Harry Ahmed,Consumer
Pamela Searles,Home Office
Charlie Donnelly,Consumer
Tilly Payne,Consumer
Molly Bidmead,Home Office
Samuel Hardey,Home Office
Erin Rogers,Consumer
Carrie Boots,Corporate
Madeline Crooks,Consumer
Susan Williams,Home Office
Steven Prince,Home Office
Louise Winter,Corporate
Tyson Hanna,Consumer
Georgina Garner,Consumer
Ellie Chapman,Home Office
Tyler Miah,Home Office
Marcus Leon,Corporate
Katie Thom,Corporate
William Reichert,Consumer
Jayden Ali,Consumer
Adam Harte,Corporate
Anna Leal,Consumer
Theresa Varner,Corporate
Hubert Lindahl,Corporate
Angus Gether,Consumer
Zara Money,Corporate
Ethan Barrett,Consumer
Casey Forte,Consumer
Kelly Long,Corporate
Peter Daly,Consumer
Isabella Falkiner,Corporate
Hayden Perkins,Consumer
Lauren Knight,Consumer
Robert Zapata,Consumer
Michael Watkins,Home Office
Josh Wilkinson,Corporate
Lucas Wood,Corporate
Marcus Griffin,Home Office
Larry Lambert,Consumer
Nancy Fike,Consumer
Don Willie,Corporate
Charlie Power,Home Office
Stella Hellyer,Consumer
Charlie Horrocks,Consumer
Harold Smith,Consumer
Tammy Chamblee,Consumer
Lane Taylor,Corporate
Sophia Owen,Corporate
Walter Aguilar,Consumer
David Lowe,Consumer
Jordan Peacock,Corporate
Randall Roberts,Consumer
Edward Davidson,Home Office
Mike Langer,Corporate
Kimberly Boyd,Corporate
Ava Corbin,Home Office
William Martin,Corporate
Jonathan Bottrill,Consumer
Ruby Frost,Home Office
Jack Brier,Consumer
Laura Akhtar,Consumer
Charlotte Savage,Consumer
Desiree Hurt,Home Office
Henry Pedder,Consumer
Paul Cleary,Corporate
Hollie Morris,Corporate
Mia McLean,Corporate
Liam Mathias,Corporate
Robert Ramsey,Consumer
Lola Hughes,Consumer
Kristina Moore,Corporate
Isabella Secombe,Consumer
Cerys Edwards,Consumer
Cynthia Zielinski,Home Office
Abby Mei,Corporate
Rory Martindale,Consumer
Archie Whittaker,Home Office
Kian Thomson,Consumer
Chloe Miller,Consumer
Jasper Neighbour,Corporate
Ashton Foley,Consumer
Ali Jerger,Corporate
Joel Peters,Home Office
Henry Winder,Corporate
Luz Reilly,Consumer
Brooke Hodgson,Consumer
Leroy Samson,Home Office
Demi Power,Consumer
Norma McCowan,Consumer
Eden Kern,Consumer
Aaron Cunningham,Consumer
Kiera Chandler,Consumer
Leo Bannister,Home Office
Anna Moreton,Corporate
Tom Charlton,Corporate
Andrew Shah,Home Office
Terence Welch,Consumer
Tina Brantley,Home Office
Alana Tyson,Home Office
Eloise Mahmood,Corporate
Natasha Sykes,Consumer
Oliver Stephenson,Consumer
Eva Sanderson,Consumer
Max Baker,Home Office
Leah Barrett,Consumer
James Fleming,Corporate
Spencer Wallis,Consumer
Isabelle Macghey,Consumer
Lilly Akhtar,Home Office
Kai Wicks,Corporate
Ruby Blomfield,Consumer
Rory Jess,Home Office
Claire Harrington,Home Office
Isabelle Norton,Consumer
Ryan Ackland,Consumer
Lisa Boyette,Corporate
Alexandra Whitehouse,Consumer
Millie Franklin,Consumer
Millie Arnold,Consumer
Patricia Epps,Corporate
Toby Williamson,Home Office
Harry Josephson,Consumer
Ethan Howarth,Consumer
Abby Muramats,Consumer
Anna Kelly,Corporate
Gemma Curlewis,Corporate
Angelina Hurst,Consumer
Phoebe Baines,Home Office
Madison Rowley,Consumer
Georgina Arnold,Corporate
Robert Quick,Consumer
Mark Westfall,Consumer
Karon Shah,Corporate
Hudson Ordell,Corporate
Michael Halcomb,Corporate
Gracie Hunter,Consumer
Evan Allen,Corporate
Libby McDonald,Home Office
Georgia Arundale,Corporate
Michael Myers,Home Office
Isaac David,Corporate
Demi Hodgson,Consumer
Stacy Cummings,Consumer
Ethan Cover,Home Office
Ruby Nicholls,Corporate
Gary Crume,Consumer
Alexander Bond,Corporate
Jeremy Pilcher,Corporate
Lilly Le Grand,Home Office
Leah Marsh,Corporate
Geraldine Mizelle,Corporate
Jason Martinez,Corporate
Tahlia Murnin,Consumer
Mia Pugh,Consumer
Elijah Ruatoka,Home Office
Tyson Jonathan,Consumer
Mike Obrien,Consumer
John Town,Consumer
Mary Saterfiel,Consumer
Ashton Morey,Consumer
Ginger Owens,Consumer
Dennis Conaway,Consumer
Alannah Langridge,Consumer
Angelina Beeton,Consumer
Abby Colebe,Consumer
Aaron Macrossan,Home Office
Holly Doyle,Consumer
Gilbert Montgomery,Consumer
Spencer Calvert,Corporate
Zachary Disher,Consumer
George To Rot,Corporate
Noah Hart,Consumer
Aaron Davey,Consumer
Xavier Martindale,Consumer
Ngoc Orozco,Home Office
Lucas Warren,Consumer
Jake Barry,Home Office
Audrey Knowles,Consumer
Alexandra Portus,Corporate
Alannah Callaway,Consumer
Joseph Wright,Home Office
Bradley Howell,Corporate
Isabelle Radcliffe,Corporate
Madison Chadwick,Consumer
Juan Smith,Consumer
Jean Crowley,Corporate
Christy Wiley,Consumer
Chloe O'Dea,Consumer
Abbie Perry,Consumer
Ali Mander-Jones,Home Office
Mark Washington,Home Office
Nathan Clayton,Consumer
Hayley Swanston,Home Office
Daniel Hamilton,Home Office
Kayleigh Summers,Consumer
Sebastian Barber,Home Office
Will Poynton,Consumer
Betty Reynolds,Corporate
Daniel Lucas,Home Office
Amy Pendred,Consumer
Sandra Cook,Consumer
Mary Hough,Home Office
Rebecca Heysen,Corporate
Edward Martinez,Corporate
Taj Knetes,Consumer
Harriet Chadwick,Corporate
Sandra Hooks,Corporate
Bethany Hunt,Corporate
George Dawson,Home Office
Craig Rayner,Consumer
Zachary Warner,Consumer
Isabel Turnbull,Home Office
Isabelle Vaughan,Consumer
Libby Thompson,Consumer
Ebony Northcott,Consumer
Gemma Sharp,Corporate
Riley Douglas,Corporate
Rita McCann,Consumer
Dylan Dry,Consumer
Paige Hopley,Consumer
Annabelle Heydon,Home Office
Paul Collazo,Home Office
Oscar Serena,Consumer
Tyson Brookman,Consumer
Thomas Shepherd,Corporate
Brooke Horton,Consumer
Angie Massengill,Consumer
David Chadwick,Corporate
Nate Dacey,Consumer
Leon Barnes,Consumer
Natasha Heane,Home Office
Claudia Poore,Corporate
Alexis O'Flaherty,Home Office
Zoe Lowin,Consumer
Faith Chambers,Consumer
Alta Nokes,Home Office
Ramona Hohl,Consumer
Kieran Herbert,Consumer
Molly Hawkins,Home Office
Kerry Dorsey,Consumer
Nicole Johns,Consumer
Thomas Thompson,Corporate
Charli Rose,Consumer
Dominic Jordan,Consumer
Kyle Beard,Consumer
Freya Daniels,Consumer
Nicholas Watkins,Consumer
Maynard Moorman,Consumer
Milla Day,Consumer
James Casados,Consumer
Amelie North,Corporate
Alex Greenwood,Consumer
Charles Carey,Consumer
Julian Corbin,Home Office
Toby Starling,Consumer
Matthew Gill,Home Office
Scott Higgins,Home Office
Joyce Cornell,Consumer
Andres Woodruff,Home Office
Kenneth Gonzales,Consumer
Rory Chambers,Consumer
Jessica Spring,Consumer
Lewis Greenwood,Consumer
Jonathan Franklin,Home Office
Ethel Cole,Home Office
Sofia Goddard,Corporate
Dominic Elliott,Consumer
Holly Noble,Consumer
Kevin Madigan,Consumer
Zoe Lanigan,Corporate
Jasmine Hanson,Consumer
Jonathan Loftus,Home Office
Justin Armit,Consumer
Adam Walpole,Corporate
Jade Farmer,Consumer
Michael Bradshaw,Consumer
Lauren Saunders,Consumer
Jacob Carter,Consumer
Ethan Williams,Corporate
Bettie Lang,Consumer
David Velasquez,Home Office
Gail Thompson,Consumer
Jesse Godson,Corporate
Donna Farr,Consumer
Rachel Norton,Corporate
Carol Evans,Consumer
Lillian Davis,Consumer
Michael Wilson,Home Office
Timothy Jimenez,Consumer
Marie Lawson,Corporate
Skye Hammond,Corporate
Carley Wynn,Home Office
Felicia Cooley,Consumer
Matthew Barker,Consumer
Dominic Stephenson,Home Office
Evie Morton,Consumer
Harry Marion,Consumer
Robert Neil,Consumer
Lamar Lockhart,Consumer
Stella Balcombe,Home Office
Liam Newton,Corporate
Rachel Goddard,Consumer
Jammie Gibbs,Consumer
Isabelle Gould,Consumer
Daniel Howells,Corporate
Julie Ochoa,Corporate
Joe Gilbert,Home Office
Elisabeth Manson,Consumer
Oscar Noble,Consumer
Adam Peacock,Corporate
Timothy Pownall,Consumer
Ella Harrhy,Corporate
Jett Osman,Home Office
Georgia Blackburn,Corporate
Declan Dundas,Corporate
Ruth Williams,Consumer
Toby Patterson,Home Office
Arnold Jones,Corporate
Imogen Steele,Corporate
Ashley Baldwinson,Corporate
Isabella Cleary,Home Office
Imogen Symon,Consumer
Bonnie Wilson,Corporate
Cooper Burn,Consumer
Leroy Dudley,Consumer
Eric Anderson,Home Office
Kimberly Jones,Corporate
Debbie Fisk,Corporate
Michael Kim,Consumer
Sarah Smorgon,Consumer
Harvey Daniels,Consumer
Maria Kennedy,Consumer
Joshua Andrews,Home Office
Angus Fryar,Consumer
Ella Knopwood,Consumer
Jennifer Douglas,Corporate
William Jolly,Consumer
Jade Howe,Corporate
Karla Dunkley,Consumer
Corey Browne,Consumer
Phoebe Lindsay,Consumer
Kyle Nash,Consumer
Angus Blacklock,Home Office
Nicole Howard,Consumer
Jade Daniels,Corporate
Lily Skurrie,Corporate
Mason Adams,Consumer
Aidan Hayward,Corporate
Peggy Hua,Corporate
Kian Sykes,Consumer
Owen Faulkner,Home Office
Ben Summerville,Consumer
Caitlin Schmidt,Corporate
Leah Derham,Consumer
Xavier Synan,Consumer
Ben Hogben,Corporate
Blake Lymburner,Consumer
Georgina Storey,Consumer
Dominic Scott,Consumer
Harrison Cooke,Consumer
Luther King,Consumer
Rachel Morton,Corporate
Tahlia Coughlan,Corporate
Indiana Wekey,Corporate
Lisa Casey,Corporate
Jade Hawkins,Consumer
Keith Martinez,Consumer
Lara Giles,Consumer
David To,Home Office
Eden Gooseberry,Corporate
Kristen Holland,Consumer
Alice Black,Home Office
Darcy St George,Corporate
Ewan O'Neill,Corporate
Adam Gibbs,Corporate
Janet Broussard,Consumer
Jacob Varley,Corporate
Sienna Williamson,Corporate
Scarlett Pollard,Corporate
Sherron Henegar,Consumer
Joan Douglas,Corporate
Xavier Burford,Corporate
Gregory Rodriguez,Corporate
Jeffrey Laird,Corporate
Rhonda Ford,Consumer
Sarah Cross,Consumer
Zona Meyer,Corporate
Gerald Booth,Consumer
Lester Wimmer,Consumer
Kian Pollard,Consumer
Max Ronald,Corporate
Makayla Elphinstone,Consumer
Bryce Efird,Corporate
Edward Dolling,Consumer
Aidan Rowe,Consumer
Robert Barnes,Consumer
Mark Briggs,Consumer
Alfonso Gomez,Corporate
Samantha Reynell,Home Office
Nelson Olsen,Home Office
Steven Cordoba,Consumer
Jose Gullo,Consumer
Riley Howells,Consumer
Joel Ortega,Corporate
Amy Pritchard,Consumer
Leticia Sorrells,Consumer
Eleanor Pollard,Home Office
Chloe Landale,Home Office
Bailey Morris,Consumer
Nathan Allwood,Home Office
Toby Rowley,Consumer
Tricia Bustamante,Corporate
Georgina Fuller,Consumer
Anna Macdonald,Consumer
Alpha Ross,Corporate
Louis Dominguez,Corporate
Jude Leonard,Consumer
Jack Holland,Consumer
Morgan Dodd,Consumer
Isabelle Torpy,Consumer
Audrey Emanuel,Consumer
Charlie Smithies,Consumer
Jason Calhoun,Consumer
Holly Black,Home Office
Tyler Duncan,Home Office
Sue Castaneda,Home Office
Caitlyn Willoughby,Home Office
Callum Hagai,Home Office
Isabella Fowler,Consumer
Florence Wark,Consumer
Jamie Le Grand,Home Office
Ewan Walton,Consumer
George Bryan,Consumer
Eloise Sykes,Consumer
Niki Peirce,Consumer
Freddie Kaur,Consumer
Brian Garcia,Consumer
Brandon Kirby,Home Office
Kai Bolden,Consumer
Sam Rees,Home Office
Laura Elizabeth,Consumer
Elise Godfrey,Consumer
Abigail Humffray,Consumer
Travis Corchado,Corporate
Archie Springfield,Home Office
James Groom,Corporate
Anthony Spooner,Corporate
Jay Johnson,Consumer
Judy Rodriquez,Consumer
Sophie Watson,Corporate
Leo Jenkins,Home Office
Aubrey Shedd,Corporate
Lloyd Barnes,Corporate
Erin Wallis,Corporate
Dakota Green,Consumer
Darcy Medley,Corporate
Frances Matthias,Corporate
Mohammed Arnold,Consumer
Ewan Lee,Consumer
Max Craig,Corporate
Lucas Breillat,Home Office
Nathan Noble,Corporate
Richard Harvey,Corporate
Spencer Oliver,Consumer
Jose Gambino,Corporate
Layla Furnell,Consumer
Tia Metcalfe,Consumer
John Harris,Corporate
Chelsea Howell,Consumer
Pearl Summers,Consumer
Donald Molina,Home Office
Joel McKean,Home Office
Rebecca Cook,Corporate
Louise Walsh,Consumer
Jonathan Barbee,Consumer
Kevin O'Neill,Corporate
Isla Vogel,Home Office
Evie Newton,Home Office
Toby Labilliere,Consumer
Dominic Joyce,Corporate
Audrey Prentice,Home Office
Britney Basaldua,Corporate
Jessie White,Consumer
Amber Adams,Corporate
Andy Henderson,Home Office
Amanda Hutcherson,Corporate
Michael Flores,Corporate
Madelyn Anderson,Corporate
Kazuko Mason,Home Office
Lucas Northcott,Consumer
Kimberly Russo,Corporate
Victoria Burke,Corporate
Linda Dennis,Consumer
Rory Braim,Consumer
Matilda Jackson,Corporate
Nathan Niland,Consumer
Liam Marshall,Home Office
James Brown,Corporate
Joseph Banks,Consumer
Isabelle Grimstone,Consumer
Lilian Rodgers,Consumer
Benjamin Knaggs,Home Office
Victor Kron,Consumer
Catharine Robbins,Corporate
Libby Allan,Consumer
Brodie Hart,Home Office
Ella Dwyer-Gray,Consumer
Madison Holloway,Corporate
Noah Old,Corporate
Nate Wilder-Neligan,Consumer
Beverly Brooks,Consumer
Zara Jennings,Consumer
Bethany Child,Consumer
Herbert Harrell,Home Office
Mason Porter,Corporate
Mark Burkett,Home Office
Harrison Crawford,Home Office
Stephanie Ewen,Consumer
Madeleine Nixon,Home Office
Dylan O'Halloran,Home Office
James Bruns,Consumer
Eleanor Doyle,Consumer
Katie Evenden,Corporate
Paige Bibi,Home Office
Robert Duffy,Home Office
Casey Beckett,Home Office
Daisy Summers,Corporate
Hannah Conyers,Home Office
Lola Dale,Consumer
Ricky Cullen,Consumer
Lauren Hobbs,Consumer
Poppy Gunn,Consumer
John Basser,Corporate
Logan Allan,Corporate
Spencer Hull,Consumer
Nicole Carr,Consumer
Lydia Webster,Consumer
Leah Norman,Corporate
Harvey Drozd,Consumer
Judith Franke,Home Office
Bianca Crisp,Home Office
Poppy McWilliams,Corporate
Dustin Thomas,Consumer
Mark Harris,Consumer
Alice Currie,Consumer
Patrick Atkinson,Home Office
Anna Church,Consumer
Koby Ricketson,Corporate
Chelsea Parkinson,Corporate
Clifford Defreitas,Corporate
Anthony Lawrence,Consumer
Wynona Janelle,Corporate
Yasmin Bradley,Consumer
Rhys Murphy,Consumer
Toni Lanz,Consumer
Jessica Williams,Consumer
Grace Brown,Consumer
Rhys Barnett,Consumer
Zara Loton,Corporate
Sean Wheeler,Corporate
Louie Bryant,Corporate
Rose Nicolay,Home Office
Hazel Turner,Home Office
Bella Handfield,Corporate
Jake Goodwin,Home Office
Gabrielle Tulaba,Consumer
Kai Ford,Corporate
Tristan Glassey,Consumer
David Arnold,Consumer
Shannon Lane,Consumer
Nancy Seay,Consumer
Enrique Friedman,Consumer
Freya Briggs,Corporate
Claire Dilke,Consumer
James Lamoureux,Corporate
Imogen Smithies,Corporate
Crystal Turner,Consumer
Harriet Webb,Consumer
Hayden Weigel,Consumer
Sean Ford,Home Office
Jack Maughan,Consumer
Nicole Todd,Corporate
Andrew Stephens,Consumer
Dakota Baynes,Corporate
Audry Smith,Consumer
Patrick Cassidy,Corporate
Elliot Owen,Consumer
Cora Konieczny,Home Office
Lydia Fowler,Corporate
Yasmin Higgins,Corporate
Bethany Powell,Home Office
Alexandra Mahmood,Consumer
Carol Leach,Home Office
Charles Rice,Corporate
Jay Collier,Consumer
